"Project Name","Client","Revenue","Hours","Status","Priority","Start Date","End Date"
"BCA OneKlik & QRIS Payment Gateway Module","BCA Digital (blu)",19500000,38,"COMPLETED","HIGH","2026-10-01","2026-10-18"
"Fleet Fuel Consumption IoT Sensor Dashboard","Pertamina Digital Solution",24000000,45,"PENDING","HIGH","2026-10-03","2026-10-25"
"Telemedicine Electronic Prescription Sync API","Kalbe Farma HealthTech",16500000,32,"COMPLETED","MEDIUM","2026-09-20","2026-10-05"
"Multi-Store POS Real-time Inventory Engine","Indomaret Retail Nusantara",22000000,42,"PENDING","HIGH","2026-10-02","2026-10-22"
"Passenger QR Ticketing & Turnstile Scanner","KAI Commuter Tech",21000000,40,"COMPLETED","HIGH","2026-09-15","2026-10-02"
"Doctor Telehealth Consultation & EMR Web Portal","Alodokter Telehealth",14500000,28,"PENDING","MEDIUM","2026-10-04","2026-10-19"
"Delivery Fleet Route Optimization & Geolocation API","SiCepat Ekspres Indonesia",18000000,35,"COMPLETED","HIGH","2026-09-25","2026-10-10"
"Multi-Asset Portfolio Tracker & Live Crypto Feed","Pluang Investama Tech",17500000,34,"PENDING","MEDIUM","2026-10-06","2026-10-24"
"Mobile App Omnichannel Ordering & Loyalty Reward","Kopi Kenangan Group",15000000,30,"COMPLETED","MEDIUM","2026-09-18","2026-10-04"
"Flight & Hotel Booking Dynamic Pricing Algorithm","Tiket.com (Djarum Group)",23500000,46,"ON-HOLD","HIGH","2026-09-28","2026-10-20"
"Corporate Bulk Payout & Dispute Resolution Panel","Flip Indonesia",19000000,36,"PENDING","HIGH","2026-10-05","2026-10-26"
"Adaptive Quiz Engine & Video Learning Player","Zenius Education",13500000,26,"COMPLETED","LOW","2026-09-12","2026-09-30"
"Vaccine Cold-Chain IoT Temperature Monitoring","Bio Farma Life Science",26000000,48,"PENDING","HIGH","2026-10-08","2026-10-28"
"DRM E-Book Reader & Digital Library Subscription","Gramedia Digital",14000000,28,"COMPLETED","MEDIUM","2026-09-22","2026-10-12"
"Smart Coffee Machine Telemetry & Mobile App API","Fore Coffee Indonesia",16000000,31,"PENDING","MEDIUM","2026-10-07","2026-10-27"
